characterName,sceneNumber,diesInThisScene,uniformVisible,holdingSomethingDistinctive,heldItemDescription,distinctiveFeaturesVisible,distinctiveFeaturesDescription,bodyPositionRelevant,bodyPositionDescription,accentAudible,nameMentionedInDialogue,relationshipMentioned,relationshipDescription,roleMentioned,roleBehaviourVisible,spatialRelationshipVisible,spatialRelationshipDescription,environmentalContextRelevant,environmentalContextDescription,additionalVisualClues,additionalDialogueClues,additionalContextualClues
Amara Rodriguez,1,FALSE,FALSE,FALSE,,TRUE,Military dog tags,FALSE,,FALSE,FALSE,FALSE,,TRUE,TRUE,FALSE,,TRUE,Blizzard conditions,,,
Dr. Elena Novak,1,FALSE,FALSE,FALSE,,FALSE,,FALSE,,TRUE,TRUE,FALSE,,FALSE,TRUE,TRUE,In kitchen,FALSE,,,,
Grace Kobayashi,1,FALSE,TRUE,FALSE,,FALSE,,FALSE,,FALSE,FALSE,TRUE,Works closely with Leila Larsen,FALSE,FALSE,TRUE,In storage area,FALSE,,,,
Ingrid Murphy,1,FALSE,FALSE,FALSE,,FALSE,,TRUE,Sprawled on ground,FALSE,FALSE,TRUE,Brother of Leila Larsen,TRUE,FALSE,TRUE,Near fuel storage,TRUE,Storm damage,,,
Ivan Novak,1,FALSE,TRUE,FALSE,,FALSE,,TRUE,Slumped against wall,FALSE,TRUE,FALSE,,TRUE,FALSE,TRUE,Near airlock,FALSE,,,,
John Jackson,1,FALSE,TRUE,FALSE,,FALSE,,TRUE,Face-down on floor,FALSE,TRUE,FALSE,,FALSE,TRUE,FALSE,,TRUE,Blood spatter,,,
Natasha Miller,1,FALSE,TRUE,FALSE,,TRUE,Distinctive watch,FALSE,,TRUE,TRUE,FALSE,,TRUE,TRUE,TRUE,In recreation room,FALSE,,,,
Nora Ali,1,FALSE,TRUE,TRUE,Coffee mug,FALSE,,FALSE,,FALSE,FALSE,FALSE,,FALSE,FALSE,TRUE,In hallway B,FALSE,,,,
Oliver Murphy,1,TRUE,FALSE,TRUE,Medical kit,FALSE,,TRUE,Propped against equipment,FALSE,TRUE,FALSE,,TRUE,TRUE,TRUE,Near servers,TRUE,Structural collapse,,,
Prof. Andre Lopez,1,FALSE,FALSE,FALSE,,TRUE,Distinctive watch,FALSE,,TRUE,FALSE,TRUE,Student of Dr. Amara Pavlov,TRUE,FALSE,TRUE,In sleeping quarters,FALSE,,,,
Prof. Diego Wilson,1,FALSE,TRUE,TRUE,Flashlight,TRUE,Colored streak in hair,FALSE,,TRUE,FALSE,FALSE,,FALSE,TRUE,TRUE,In observatory,TRUE,Blood spatter,,,
Prof. Emma Davis,1,FALSE,TRUE,FALSE,,TRUE,Large birthmark,TRUE,Kneeling position,FALSE,FALSE,TRUE,Works closely with Ivan Sato,FALSE,TRUE,FALSE,,TRUE,Electrical sparking,,,
Prof. Ivan Popov,1,FALSE,FALSE,FALSE,,TRUE,Military dog tags,TRUE,Leaning over desk,FALSE,TRUE,FALSE,,TRUE,FALSE,TRUE,Near airlock,FALSE,,,,
Prof. Magnus Wilson,1,FALSE,TRUE,TRUE,Coffee mug,TRUE,Neck tattoo,TRUE,Seated in chair,FALSE,FALSE,FALSE,,TRUE,FALSE,FALSE,,FALSE,,,,
Rebecca Rodriguez,1,FALSE,TRUE,TRUE,Syringe,FALSE,,FALSE,,FALSE,TRUE,TRUE,Sister of Carlos Tanaka,TRUE,TRUE,FALSE,,TRUE,Fire suppression active,,,
Thomas Wilson,1,FALSE,TRUE,TRUE,Clipboard,TRUE,Eyepatch,FALSE,,FALSE,TRUE,FALSE,,TRUE,FALSE,FALSE,,TRUE,Broken windows,,,
Carlos Tanaka,2,FALSE,TRUE,TRUE,Crowbar,FALSE,,FALSE,,FALSE,FALSE,FALSE,,TRUE,FALSE,TRUE,By main entrance,FALSE,,,,
Dr. Amara Pavlov,2,FALSE,TRUE,FALSE,,FALSE,,FALSE,,TRUE,FALSE,FALSE,,FALSE,FALSE,TRUE,Near fuel storage,FALSE,,,,
Dr. Elena Novak,2,FALSE,TRUE,FALSE,,FALSE,,FALSE,,FALSE,FALSE,FALSE,,TRUE,TRUE,TRUE,Near airlock,TRUE,Gas leak,,,
Dr. Zoe Ivanov,2,FALSE,TRUE,FALSE,,FALSE,,TRUE,Slumped against wall,FALSE,FALSE,FALSE,,TRUE,FALSE,FALSE,,TRUE,Sub-zero temperatures,,,
Grace Kobayashi,2,TRUE,TRUE,FALSE,,FALSE,,TRUE,Sprawled on ground,FALSE,TRUE,FALSE,,TRUE,TRUE,TRUE,In laboratory,TRUE,Blizzard conditions,,,
Hana Thomas,2,FALSE,TRUE,FALSE,,FALSE,,FALSE,,FALSE,FALSE,FALSE,,FALSE,TRUE,TRUE,In hallway B,FALSE,,,,
Ingrid Murphy,2,FALSE,TRUE,FALSE,,FALSE,,FALSE,,FALSE,FALSE,FALSE,,TRUE,TRUE,FALSE,,FALSE,,,,
Ivan Novak,2,FALSE,TRUE,TRUE,Fire extinguisher,TRUE,Facial burn marks,TRUE,Seated in chair,FALSE,TRUE,TRUE,Rival of Henrik Taylor,TRUE,FALSE,TRUE,At communications hub,TRUE,Fire suppression active,,,
John Jackson,2,FALSE,TRUE,FALSE,,TRUE,Facial burn marks,TRUE,Collapsed in doorway,FALSE,FALSE,FALSE,,FALSE,FALSE,FALSE,,FALSE,,,,
Leila Larsen,2,FALSE,TRUE,FALSE,,FALSE,,TRUE,Sprawled on ground,TRUE,TRUE,FALSE,,FALSE,TRUE,TRUE,In hallway B,FALSE,,,,
Magnus Davis,2,FALSE,FALSE,TRUE,Kitchen knife,FALSE,,TRUE,Leaning over desk,FALSE,FALSE,FALSE,,FALSE,TRUE,FALSE,,TRUE,Power outage,,,
Natasha Miller,2,FALSE,TRUE,TRUE,Walkie-talkie,FALSE,,FALSE,,FALSE,TRUE,FALSE,,FALSE,FALSE,TRUE,By equipment lockers,TRUE,Blood spatter,,,
Prof. Alice Berg,2,FALSE,TRUE,TRUE,Sample container,FALSE,,TRUE,Tangled in cables,FALSE,FALSE,TRUE,Ex-partner of Dr. Elena Novak,FALSE,FALSE,FALSE,,TRUE,Blood spatter,,,
Prof. Diego Wilson,2,TRUE,TRUE,FALSE,,FALSE,,TRUE,Curled in corner,TRUE,FALSE,FALSE,,TRUE,TRUE,FALSE,,TRUE,Water flooding,,,
Prof. Diego Yamamoto,2,FALSE,TRUE,FALSE,,TRUE,Eyepatch,FALSE,,TRUE,FALSE,FALSE,,FALSE,FALSE,TRUE,Near servers,TRUE,Fire suppression active,,,
Prof. Emma Davis,2,FALSE,TRUE,TRUE,Sample container,FALSE,,FALSE,,TRUE,FALSE,TRUE,Works closely with Prof. Anton Garcia,FALSE,TRUE,TRUE,In observatory,TRUE,Electrical sparking,,,
Thomas Wilson,2,FALSE,TRUE,FALSE,,TRUE,Distinctive watch,TRUE,Leaning over desk,FALSE,TRUE,TRUE,Sister of Kira Ahmed,FALSE,TRUE,TRUE,In recreation room,TRUE,Power outage,,,
Amara Rodriguez,3,FALSE,TRUE,FALSE,,FALSE,,TRUE,Tangled in cables,FALSE,FALSE,TRUE,Mentor to Henrik Singh,TRUE,FALSE,TRUE,Near airlock,FALSE,,,,
Carlos Tanaka,3,FALSE,TRUE,FALSE,,FALSE,,FALSE,,FALSE,TRUE,FALSE,,TRUE,FALSE,TRUE,By main entrance,TRUE,Water flooding,,,
Dr. Amara Pavlov,3,FALSE,FALSE,TRUE,Hammer,FALSE,,FALSE,,TRUE,TRUE,FALSE,,FALSE,TRUE,FALSE,,FALSE,,,,
Emma Garcia,3,FALSE,FALSE,FALSE,,TRUE,Colored streak in hair,FALSE,,FALSE,FALSE,FALSE,,TRUE,TRUE,FALSE,,TRUE,Sub-zero temperatures,,,
Emma Nakamura,3,FALSE,TRUE,TRUE,Hammer,FALSE,,TRUE,Collapsed in doorway,FALSE,FALSE,FALSE,,FALSE,FALSE,TRUE,At communications hub,TRUE,Electrical sparking,,,
Erik Kim,3,FALSE,TRUE,FALSE,,FALSE,,TRUE,Face-down on floor,FALSE,FALSE,FALSE,,FALSE,FALSE,TRUE,At communications hub,TRUE,Blizzard conditions,,,
Ingrid Murphy,3,FALSE,FALSE,FALSE,,FALSE,,FALSE,,TRUE,FALSE,TRUE,Mentor to Alice Wilson,TRUE,FALSE,TRUE,At medical bay,TRUE,Storm damage,,,
Ingrid Sato,3,FALSE,TRUE,FALSE,,FALSE,,TRUE,Face-down on floor,FALSE,TRUE,TRUE,Sister of Elena Kim,FALSE,FALSE,TRUE,In laboratory,FALSE,,,,
Ivan Novak,3,FALSE,TRUE,FALSE,,FALSE,,TRUE,Slumped against wall,FALSE,FALSE,FALSE,,FALSE,FALSE,FALSE,,TRUE,Water flooding,,,
Kira Ahmed,3,FALSE,TRUE,FALSE,,TRUE,Tattoo on forearm,TRUE,Sprawled on ground,FALSE,FALSE,FALSE,,TRUE,FALSE,TRUE,In storage area,TRUE,Electrical sparking,,,
Natasha Miller,3,TRUE,TRUE,TRUE,Clipboard,FALSE,,FALSE,,FALSE,TRUE,FALSE,,TRUE,FALSE,FALSE,,FALSE,,,,
Prof. Anton Garcia,3,FALSE,FALSE,FALSE,,TRUE,Military dog tags,TRUE,Face-down on floor,FALSE,FALSE,TRUE,Friend of John Jackson,TRUE,FALSE,TRUE,In East Wing,TRUE,Blood spatter,,,
Prof. Emma Davis,3,FALSE,TRUE,FALSE,,TRUE,Missing finger,TRUE,Sprawled on ground,FALSE,FALSE,FALSE,,TRUE,TRUE,FALSE,,FALSE,,,,
Prof. Ivan Popov,3,FALSE,TRUE,TRUE,Clipboard,TRUE,Wedding ring on right hand,FALSE,,TRUE,FALSE,TRUE,Rival of Prof. Aisha Tanaka,TRUE,TRUE,FALSE,,FALSE,,,,
Sakura Tanaka,3,FALSE,FALSE,FALSE,,FALSE,,FALSE,,TRUE,TRUE,FALSE,,TRUE,TRUE,TRUE,In laboratory,FALSE,,,,
Sophie Khan,3,FALSE,TRUE,FALSE,,FALSE,,TRUE,Slumped against wall,TRUE,FALSE,FALSE,,FALSE,FALSE,TRUE,In storage area,FALSE,,,,
Sophie Lee,3,FALSE,TRUE,FALSE,,TRUE,Gold tooth,FALSE,,FALSE,TRUE,FALSE,,FALSE,FALSE,TRUE,In recreation room,FALSE,,,,
Thomas Wilson,3,FALSE,TRUE,TRUE,Ice pick,TRUE,Prosthetic limb,TRUE,Kneeling position,TRUE,FALSE,FALSE,,FALSE,FALSE,FALSE,,FALSE,,,,
Amara Rodriguez,4,FALSE,FALSE,FALSE,,FALSE,,TRUE,Sprawled on ground,TRUE,TRUE,FALSE,,FALSE,TRUE,TRUE,By the emergency exit,FALSE,,,,
Carlos Pavlov,4,FALSE,FALSE,FALSE,,FALSE,,TRUE,Hanging from ceiling,FALSE,FALSE,TRUE,Mentor to Dr. Chen Smith,FALSE,TRUE,TRUE,In generator room,FALSE,,,,
Dr. Amara Pavlov,4,FALSE,TRUE,FALSE,,FALSE,,FALSE,,FALSE,FALSE,FALSE,,TRUE,TRUE,FALSE,,FALSE,,,,
Dr. Elena Novak,4,FALSE,TRUE,FALSE,,FALSE,,TRUE,Collapsed in doorway,FALSE,FALSE,FALSE,,TRUE,FALSE,TRUE,By the emergency exit,TRUE,Explosion damage visible,,,
Dr. Marcus Tanaka,4,FALSE,TRUE,TRUE,Walkie-talkie,FALSE,,FALSE,,FALSE,TRUE,FALSE,,FALSE,TRUE,TRUE,In sleeping quarters,FALSE,,,,
Ingrid Murphy,4,TRUE,TRUE,FALSE,,TRUE,Nose piercing,FALSE,,TRUE,FALSE,FALSE,,FALSE,FALSE,TRUE,By the emergency exit,TRUE,Damaged equipment,,,
Ivan Novak,4,FALSE,TRUE,TRUE,Syringe,FALSE,,FALSE,,FALSE,FALSE,TRUE,Childhood friend of Ingrid Sato,FALSE,TRUE,TRUE,Near servers,FALSE,,,,
Kira Ahmed,4,FALSE,TRUE,FALSE,,FALSE,,TRUE,Propped against equipment,FALSE,FALSE,FALSE,,FALSE,TRUE,TRUE,In East Wing,FALSE,,,,
Nikolai Kozlov,4,FALSE,TRUE,TRUE,Syringe,FALSE,,FALSE,,FALSE,FALSE,TRUE,Cousin of Prof. Diego Wilson,FALSE,TRUE,TRUE,At communications hub,TRUE,Damaged equipment,,,
Nora Ali,4,FALSE,FALSE,FALSE,,FALSE,,TRUE,Lying on back,FALSE,TRUE,FALSE,,FALSE,FALSE,TRUE,By the emergency exit,FALSE,,,,
Prof. Emma Davis,4,TRUE,TRUE,FALSE,,TRUE,Prosthetic limb,FALSE,,FALSE,TRUE,FALSE,,FALSE,TRUE,FALSE,,FALSE,,,,
Sakura Tanaka,4,FALSE,TRUE,FALSE,,FALSE,,TRUE,Seated in chair,TRUE,FALSE,TRUE,Brother of Prof. Alice Berg,TRUE,TRUE,FALSE,,TRUE,Power outage,,,
Sophie Khan,4,FALSE,TRUE,TRUE,Flashlight,FALSE,,TRUE,Curled in corner,TRUE,FALSE,TRUE,Sister of Nikolai Kozlov,FALSE,TRUE,TRUE,At medical bay,FALSE,,,,
Thomas Wilson,4,FALSE,TRUE,FALSE,,TRUE,Eyepatch,FALSE,,FALSE,FALSE,FALSE,,FALSE,TRUE,FALSE,,TRUE,Smoke-filled room,,,
Amara Rodriguez,5,FALSE,TRUE,TRUE,Crowbar,FALSE,,FALSE,,TRUE,TRUE,FALSE,,TRUE,FALSE,TRUE,In sleeping quarters,FALSE,,,,
Carlos Pavlov,5,FALSE,TRUE,TRUE,Kitchen knife,TRUE,Eyepatch,TRUE,Kneeling position,FALSE,TRUE,TRUE,Spouse of Prof. Yuki Suzuki,FALSE,FALSE,TRUE,By the emergency exit,TRUE,Fire suppression active,,,
Diego Ito,5,FALSE,FALSE,FALSE,,FALSE,,TRUE,Tangled in cables,FALSE,TRUE,FALSE,,FALSE,FALSE,FALSE,,TRUE,Damaged equipment,,,
Dr. Chen Smith,5,FALSE,TRUE,TRUE,Flashlight,FALSE,,FALSE,,TRUE,TRUE,FALSE,,TRUE,FALSE,FALSE,,FALSE,,,,
Elena Kim,5,FALSE,TRUE,TRUE,Syringe,TRUE,Distinctive watch,FALSE,,FALSE,TRUE,FALSE,,FALSE,FALSE,TRUE,In generator room,FALSE,,,,
Ingrid Novak,5,FALSE,FALSE,FALSE,,TRUE,Large birthmark,TRUE,Sprawled on ground,TRUE,TRUE,TRUE,Brother of John Harris,FALSE,FALSE,TRUE,Near servers,TRUE,Damaged equipment,,,
Ivan Novak,5,TRUE,TRUE,FALSE,,TRUE,Neck tattoo,TRUE,Tangled in cables,FALSE,TRUE,FALSE,,TRUE,FALSE,TRUE,In laboratory,FALSE,,,,
John Jackson,5,FALSE,TRUE,FALSE,,TRUE,Missing finger,FALSE,,FALSE,FALSE,FALSE,,TRUE,FALSE,FALSE,,TRUE,Gas leak,,,
Leila Larsen,5,FALSE,FALSE,FALSE,,TRUE,Nose piercing,TRUE,Sprawled on ground,TRUE,TRUE,FALSE,,FALSE,TRUE,FALSE,,FALSE,,,,
Nora Patel,5,FALSE,TRUE,FALSE,,TRUE,Neck tattoo,FALSE,,TRUE,TRUE,FALSE,,FALSE,TRUE,TRUE,Near servers,TRUE,Water flooding,,,
Prof. Anton Garcia,5,FALSE,FALSE,FALSE,,FALSE,,FALSE,,TRUE,TRUE,FALSE,,FALSE,FALSE,FALSE,,TRUE,Blizzard conditions,,,
Prof. Magnus Wilson,5,FALSE,TRUE,FALSE,,TRUE,Prosthetic limb,TRUE,Lying on back,FALSE,TRUE,FALSE,,FALSE,FALSE,TRUE,In observatory,TRUE,Smoke-filled room,,,
Sakura Tanaka,5,FALSE,FALSE,TRUE,Journal,FALSE,,TRUE,Tangled in cables,TRUE,TRUE,FALSE,,TRUE,TRUE,FALSE,,FALSE,,,,
Svetlana Sato,5,FALSE,TRUE,FALSE,,FALSE,,FALSE,,FALSE,TRUE,FALSE,,TRUE,FALSE,FALSE,,TRUE,Alarms blaring,,,
Thomas Wilson,5,FALSE,TRUE,FALSE,,FALSE,,TRUE,Sprawled on ground,FALSE,FALSE,FALSE,,FALSE,FALSE,FALSE,,TRUE,Alarms blaring,,,
Amara Rodriguez,6,FALSE,TRUE,TRUE,Flare gun,TRUE,Facial burn marks,FALSE,,FALSE,TRUE,FALSE,,TRUE,TRUE,TRUE,In laboratory,FALSE,,,,
Dr. Chen Smith,6,FALSE,TRUE,TRUE,Journal,FALSE,,FALSE,,FALSE,TRUE,FALSE,,TRUE,TRUE,TRUE,Near fuel storage,TRUE,Power outage,,,
Emma Nakamura,6,FALSE,TRUE,FALSE,,FALSE,,FALSE,,FALSE,FALSE,FALSE,,FALSE,FALSE,FALSE,,TRUE,Explosion damage visible,,,
Felipe Suzuki,6,FALSE,FALSE,TRUE,Wrench,TRUE,Missing finger,FALSE,,TRUE,TRUE,FALSE,,TRUE,FALSE,FALSE,,TRUE,Damaged equipment,,,
Henrik Taylor,6,FALSE,TRUE,TRUE,Rope,TRUE,Eyepatch,FALSE,,FALSE,TRUE,FALSE,,TRUE,TRUE,TRUE,In sleeping quarters,FALSE,,,,
Oliver Nielsen,6,FALSE,TRUE,FALSE,,FALSE,,FALSE,,FALSE,TRUE,FALSE,,TRUE,FALSE,TRUE,In laboratory,TRUE,Electrical sparking,,,
Prof. Alice Berg,6,FALSE,TRUE,TRUE,Sample container,TRUE,Prosthetic limb,TRUE,Face-down on floor,FALSE,FALSE,FALSE,,TRUE,TRUE,TRUE,Near airlock,FALSE,,,,
Prof. Yuki Suzuki,6,FALSE,TRUE,FALSE,,TRUE,Missing finger,FALSE,,FALSE,TRUE,TRUE,Former colleague of Prof. Aisha Tanaka,FALSE,TRUE,TRUE,In hallway B,FALSE,,,,
Sakura Tanaka,6,FALSE,TRUE,TRUE,Crowbar,TRUE,Nose piercing,TRUE,Tangled in cables,TRUE,TRUE,TRUE,Spouse of David Sokolov,TRUE,FALSE,TRUE,In storage area,TRUE,Damaged equipment,,,
Sophie Khan,6,FALSE,FALSE,TRUE,Camera,FALSE,,FALSE,,FALSE,TRUE,TRUE,Friend of Ingrid Murphy,TRUE,TRUE,FALSE,,TRUE,Explosion damage visible,,,
Thomas Wilson,6,TRUE,TRUE,TRUE,Kitchen knife,FALSE,,FALSE,,FALSE,TRUE,FALSE,,TRUE,TRUE,TRUE,In sleeping quarters,FALSE,,,,
Amara Rodriguez,7,TRUE,FALSE,TRUE,Clipboard,FALSE,,FALSE,,FALSE,TRUE,TRUE,Childhood friend of Grace Kobayashi,TRUE,FALSE,FALSE,,TRUE,Alarms blaring,,,
Carlos Tanaka,7,FALSE,TRUE,FALSE,,FALSE,,FALSE,,TRUE,FALSE,FALSE,,TRUE,FALSE,TRUE,By main entrance,FALSE,,,,
Diego Ito,7,FALSE,TRUE,FALSE,,TRUE,Nose piercing,FALSE,,FALSE,TRUE,TRUE,Friend of Erik Kim,FALSE,TRUE,FALSE,,TRUE,Smoke-filled room,,,
Dr. Marcus Tanaka,7,FALSE,FALSE,FALSE,,FALSE,,FALSE,,TRUE,FALSE,FALSE,,FALSE,TRUE,FALSE,,TRUE,Storm damage,,,
Emma Nakamura,7,FALSE,FALSE,FALSE,,FALSE,,FALSE,,FALSE,FALSE,FALSE,,TRUE,FALSE,TRUE,In sleeping quarters,TRUE,Power outage,,,
Felipe Suzuki,7,FALSE,TRUE,TRUE,Syringe,FALSE,,TRUE,Seated in chair,TRUE,FALSE,TRUE,Friend of Ivan Novak,TRUE,FALSE,TRUE,In hallway B,TRUE,Electrical sparking,,,
Henrik Taylor,7,FALSE,TRUE,TRUE,Radio equipment,TRUE,Distinctive watch,FALSE,,FALSE,TRUE,TRUE,Friend of Henrik Khan,FALSE,FALSE,FALSE,,TRUE,Storm damage,,,
Ivan Sato,7,FALSE,TRUE,FALSE,,FALSE,,FALSE,,FALSE,TRUE,FALSE,,TRUE,FALSE,TRUE,In sleeping quarters,TRUE,Damaged equipment,,,
Lucia Harris,7,FALSE,TRUE,FALSE,,TRUE,Colored streak in hair,FALSE,,TRUE,FALSE,TRUE,Childhood friend of Carlos Tanaka,FALSE,FALSE,TRUE,By equipment lockers,FALSE,,,,
Oliver Nielsen,7,FALSE,FALSE,FALSE,,FALSE,,FALSE,,TRUE,TRUE,FALSE,,FALSE,FALSE,FALSE,,TRUE,Storm damage,,,
Prof. Andre Lopez,7,FALSE,TRUE,FALSE,,FALSE,,TRUE,Face-down on floor,FALSE,TRUE,FALSE,,FALSE,FALSE,FALSE,,FALSE,,,,
Prof. Ivan Popov,7,FALSE,TRUE,TRUE,Flashlight,TRUE,Facial burn marks,FALSE,,FALSE,FALSE,FALSE,,TRUE,TRUE,FALSE,,FALSE,,,,
Sophie Khan,7,FALSE,TRUE,FALSE,,TRUE,Facial burn marks,FALSE,,TRUE,TRUE,TRUE,Spouse of Henrik Khan,FALSE,TRUE,TRUE,In East Wing,FALSE,,,,
Diego Ito,8,FALSE,TRUE,FALSE,,FALSE,,FALSE,,TRUE,FALSE,TRUE,Friend of Dr. Marcus Tanaka,TRUE,FALSE,FALSE,,TRUE,Water flooding,,,
Dr. Amara Pavlov,8,FALSE,FALSE,FALSE,,FALSE,,TRUE,Hanging from ceiling,FALSE,FALSE,TRUE,Mentor to Grace Kobayashi,TRUE,FALSE,TRUE,In East Wing,FALSE,,,,
Dr. Chen Smith,8,FALSE,TRUE,TRUE,Walkie-talkie,TRUE,Missing finger,FALSE,,TRUE,FALSE,FALSE,,FALSE,TRUE,FALSE,,TRUE,Explosion damage visible,,,
Henrik Taylor,8,FALSE,TRUE,TRUE,Rope,FALSE,,TRUE,Kneeling position,FALSE,TRUE,FALSE,,TRUE,TRUE,TRUE,In observatory,TRUE,Sub-zero temperatures,,,
John Jackson,8,FALSE,TRUE,FALSE,,FALSE,,FALSE,,FALSE,FALSE,FALSE,,TRUE,TRUE,FALSE,,TRUE,Emergency lights only,,,
Leila Larsen,8,FALSE,TRUE,TRUE,Kitchen knife,TRUE,Distinctive watch,TRUE,Lying on back,FALSE,TRUE,FALSE,,TRUE,FALSE,TRUE,In East Wing,FALSE,,,,
Oliver Nielsen,8,FALSE,TRUE,FALSE,,FALSE,,FALSE,,FALSE,TRUE,FALSE,,TRUE,TRUE,FALSE,,FALSE,,,,
Sakura Tanaka,8,TRUE,TRUE,FALSE,,TRUE,Neck tattoo,FALSE,,TRUE,FALSE,TRUE,Brother of Henrik Taylor,TRUE,FALSE,TRUE,In kitchen,FALSE,,,,
Dr. Chen Smith,9,FALSE,TRUE,TRUE,Crowbar,FALSE,,TRUE,Tangled in cables,FALSE,FALSE,FALSE,,FALSE,FALSE,TRUE,In laboratory,FALSE,,,,
Emma Nakamura,9,TRUE,TRUE,TRUE,Crowbar,FALSE,,FALSE,,TRUE,FALSE,TRUE,Works closely with Prof. Diego Wilson,FALSE,FALSE,TRUE,Near airlock,TRUE,Sub-zero temperatures,,,
Nikolai Kozlov,9,FALSE,FALSE,FALSE,,TRUE,Military dog tags,TRUE,Collapsed in doorway,TRUE,FALSE,FALSE,,FALSE,FALSE,FALSE,,TRUE,Gas leak,,,
Prof. Andre Lopez,9,FALSE,FALSE,TRUE,Radio equipment,FALSE,,FALSE,,FALSE,FALSE,FALSE,,TRUE,FALSE,FALSE,,FALSE,,,,
Prof. Anton Garcia,9,FALSE,FALSE,TRUE,Journal,FALSE,,FALSE,,TRUE,FALSE,FALSE,,TRUE,FALSE,FALSE,,TRUE,Blood spatter,,,
Prof. Ivan Popov,9,FALSE,TRUE,TRUE,Coffee mug,FALSE,,TRUE,Propped against equipment,FALSE,FALSE,TRUE,Spouse of Emma Garcia,FALSE,TRUE,TRUE,In sleeping quarters,FALSE,,,,
Prof. Magnus Wilson,9,FALSE,TRUE,FALSE,,FALSE,,TRUE,Curled in corner,FALSE,TRUE,TRUE,Brother of Thomas Wilson,FALSE,FALSE,TRUE,In East Wing,TRUE,Structural collapse,,,
Sophie Khan,9,FALSE,FALSE,TRUE,Kitchen knife,FALSE,,FALSE,,TRUE,FALSE,FALSE,,FALSE,FALSE,TRUE,In recreation room,FALSE,,,,
Dr. Marcus Tanaka,10,FALSE,TRUE,TRUE,Fire extinguisher,FALSE,,TRUE,Seated in chair,FALSE,FALSE,FALSE,,TRUE,FALSE,FALSE,,TRUE,Power outage,,,
Dr. Zoe Ivanov,10,FALSE,FALSE,FALSE,,FALSE,,TRUE,Leaning over desk,FALSE,FALSE,FALSE,,TRUE,TRUE,FALSE,,TRUE,Smoke-filled room,,,
Erik Khan,10,FALSE,TRUE,FALSE,,TRUE,Distinctive watch,TRUE,Kneeling position,TRUE,FALSE,FALSE,,TRUE,TRUE,FALSE,,TRUE,Sub-zero temperatures,,,
John Jackson,10,FALSE,FALSE,FALSE,,FALSE,,TRUE,Face-down on floor,FALSE,TRUE,TRUE,Rival of Sakura Tanaka,TRUE,FALSE,TRUE,At communications hub,TRUE,Storm damage,,,
Kira Ahmed,10,TRUE,TRUE,FALSE,,FALSE,,FALSE,,FALSE,FALSE,FALSE,,TRUE,TRUE,TRUE,Near fuel storage,TRUE,Blizzard conditions,,,
Nikolai Kozlov,10,FALSE,TRUE,TRUE,Toolbox,FALSE,,TRUE,Curled in corner,FALSE,TRUE,TRUE,Student of David Sokolov,TRUE,FALSE,FALSE,,TRUE,Emergency lights only,,,
Prof. Andre Lopez,10,FALSE,TRUE,TRUE,Coffee mug,TRUE,Distinctive watch,FALSE,,TRUE,FALSE,TRUE,Spouse of Prof. Yuki Suzuki,TRUE,TRUE,FALSE,,TRUE,Gas leak,,,
Sophie Khan,10,FALSE,FALSE,FALSE,,FALSE,,FALSE,,FALSE,FALSE,TRUE,Former colleague of Svetlana Sato,TRUE,TRUE,FALSE,,FALSE,,,,
Sophie Lee,10,FALSE,TRUE,TRUE,Flare gun,FALSE,,TRUE,Sprawled on ground,FALSE,FALSE,FALSE,,FALSE,TRUE,TRUE,In kitchen,TRUE,Smoke-filled room,,,
Carlos Tanaka,11,FALSE,TRUE,FALSE,,TRUE,Missing finger,TRUE,Slumped against wall,FALSE,FALSE,FALSE,,TRUE,FALSE,TRUE,By the emergency exit,TRUE,Blood spatter,,,
Ingrid Novak,11,FALSE,FALSE,FALSE,,TRUE,Tattoo on forearm,TRUE,Sprawled on ground,FALSE,TRUE,FALSE,,TRUE,FALSE,FALSE,,TRUE,Smoke-filled room,,,
Ivan Sato,11,FALSE,TRUE,FALSE,,FALSE,,TRUE,Curled in corner,TRUE,FALSE,FALSE,,FALSE,FALSE,TRUE,Near fuel storage,TRUE,Gas leak,,,
John Jackson,11,FALSE,TRUE,FALSE,,TRUE,Nose piercing,TRUE,Seated in chair,FALSE,TRUE,FALSE,,FALSE,FALSE,TRUE,Near servers,TRUE,Structural collapse,,,
Leila Larsen,11,FALSE,TRUE,FALSE,,TRUE,Neck tattoo,FALSE,,FALSE,FALSE,FALSE,,TRUE,TRUE,TRUE,By main entrance,FALSE,,,,
Magnus Davis,11,FALSE,TRUE,FALSE,,TRUE,Military dog tags,TRUE,Kneeling position,FALSE,FALSE,FALSE,,TRUE,FALSE,TRUE,In generator room,TRUE,Blizzard conditions,,,
Nikolai Kozlov,11,FALSE,TRUE,FALSE,,FALSE,,FALSE,,TRUE,TRUE,FALSE,,FALSE,TRUE,FALSE,,TRUE,Structural collapse,,,
Prof. Andre Lopez,11,FALSE,TRUE,FALSE,,FALSE,,TRUE,Hanging from ceiling,TRUE,TRUE,TRUE,Childhood friend of John Harris,FALSE,FALSE,TRUE,Near airlock,FALSE,,,,
Prof. Anton Garcia,11,FALSE,FALSE,FALSE,,FALSE,,TRUE,Curled in corner,FALSE,TRUE,FALSE,,FALSE,FALSE,FALSE,,TRUE,Alarms blaring,,,
Prof. Yuki Suzuki,11,FALSE,TRUE,TRUE,Clipboard,TRUE,Colored streak in hair,TRUE,Sprawled on ground,FALSE,TRUE,FALSE,,FALSE,TRUE,FALSE,,TRUE,Storm damage,,,
Sophie Khan,11,TRUE,TRUE,FALSE,,TRUE,Military dog tags,FALSE,,FALSE,TRUE,TRUE,Friend of Nikolai Kozlov,FALSE,FALSE,FALSE,,FALSE,,,,
Svetlana Sato,11,FALSE,FALSE,TRUE,Sample container,TRUE,Missing finger,TRUE,Slumped against wall,FALSE,TRUE,TRUE,Friend of Svetlana Sato,TRUE,FALSE,TRUE,By equipment lockers,TRUE,Fire suppression active,,,
Dr. Amara Pavlov,12,FALSE,FALSE,TRUE,Clipboard,TRUE,Facial burn marks,FALSE,,FALSE,TRUE,TRUE,Works closely with Amara Rodriguez,FALSE,FALSE,FALSE,,TRUE,Broken windows,,,
Ingrid Novak,12,FALSE,FALSE,FALSE,,FALSE,,FALSE,,FALSE,TRUE,TRUE,Rival of Henrik Khan,FALSE,FALSE,TRUE,Near servers,TRUE,Emergency lights only,,,
Lucia Harris,12,FALSE,TRUE,FALSE,,TRUE,Tattoo on forearm,FALSE,,FALSE,FALSE,TRUE,Student of Emma Garcia,TRUE,FALSE,FALSE,,FALSE,,,,
Maria Ahmed,12,FALSE,TRUE,TRUE,Walkie-talkie,TRUE,Distinctive watch,TRUE,Curled in corner,TRUE,TRUE,TRUE,Student of Svetlana Sato,TRUE,FALSE,TRUE,Near fuel storage,TRUE,Emergency lights only,,,
Nora Ali,12,FALSE,TRUE,FALSE,,FALSE,,FALSE,,FALSE,TRUE,FALSE,,TRUE,TRUE,TRUE,Near servers,TRUE,Blizzard conditions,,,
Prof. Ivan Popov,12,TRUE,FALSE,FALSE,,FALSE,,TRUE,Collapsed in doorway,FALSE,FALSE,TRUE,Brother of Prof. Alice Berg,TRUE,FALSE,FALSE,,FALSE,,,,
Prof. Magnus Wilson,12,FALSE,FALSE,FALSE,,FALSE,,FALSE,,TRUE,TRUE,TRUE,Ex-partner of Prof. Emma Davis,TRUE,FALSE,FALSE,,FALSE,,,,
Alice Wilson,13,FALSE,TRUE,FALSE,,TRUE,Facial burn marks,FALSE,,TRUE,FALSE,FALSE,,FALSE,FALSE,FALSE,,TRUE,Water flooding,,,
Felipe Volkov,13,FALSE,TRUE,FALSE,,TRUE,Tattoo on forearm,TRUE,Seated in chair,FALSE,TRUE,TRUE,Sister of Erik Khan,FALSE,TRUE,FALSE,,TRUE,Alarms blaring,,,
Hana Thomas,13,FALSE,FALSE,FALSE,,TRUE,Neck tattoo,FALSE,,TRUE,FALSE,TRUE,Brother of Oliver Nielsen,FALSE,FALSE,FALSE,,TRUE,Power outage,,,
Magnus Davis,13,FALSE,TRUE,TRUE,Syringe,TRUE,Broken glasses,TRUE,Tangled in cables,FALSE,FALSE,FALSE,,TRUE,FALSE,TRUE,In hallway B,FALSE,,,,
Prof. Andre Lopez,13,TRUE,FALSE,FALSE,,FALSE,,TRUE,Face-down on floor,FALSE,FALSE,FALSE,,FALSE,TRUE,TRUE,Near servers,FALSE,,,,
Prof. Magnus Wilson,13,FALSE,TRUE,TRUE,Radio equipment,TRUE,Colored streak in hair,TRUE,Leaning over desk,FALSE,TRUE,FALSE,,FALSE,TRUE,TRUE,By equipment lockers,TRUE,Water flooding,,,
Prof. Yuki Suzuki,13,FALSE,TRUE,FALSE,,FALSE,,FALSE,,FALSE,FALSE,TRUE,Cousin of Ingrid Sato,FALSE,TRUE,TRUE,In laboratory,TRUE,Power outage,,,
Svetlana Sato,13,FALSE,TRUE,FALSE,,FALSE,,TRUE,Leaning over desk,FALSE,FALSE,TRUE,Mentor to Rebecca Rodriguez,FALSE,FALSE,FALSE,,TRUE,Blizzard conditions,,,
Alice Wilson,14,FALSE,TRUE,FALSE,,TRUE,Prosthetic limb,TRUE,Sprawled on ground,FALSE,FALSE,TRUE,Sister of Dr. Chen Smith,FALSE,FALSE,FALSE,,FALSE,,,,
Diego Ito,14,FALSE,TRUE,TRUE,Sample container,FALSE,,TRUE,Tangled in cables,FALSE,TRUE,FALSE,,FALSE,FALSE,TRUE,In hallway B,TRUE,Structural collapse,,,
Dr. Elena Novak,14,TRUE,TRUE,TRUE,Flashlight,FALSE,,FALSE,,FALSE,TRUE,FALSE,,FALSE,TRUE,FALSE,,TRUE,Blizzard conditions,,,
Dr. Lucia Petrov,14,FALSE,TRUE,FALSE,,TRUE,Nose piercing,TRUE,Lying on back,TRUE,FALSE,TRUE,Mentor to Dr. Zoe Ivanov,FALSE,FALSE,FALSE,,TRUE,Emergency lights only,,,
Magnus Davis,14,FALSE,FALSE,FALSE,,FALSE,,TRUE,Propped against equipment,FALSE,TRUE,FALSE,,TRUE,TRUE,FALSE,,FALSE,,,,
Rebecca Rodriguez,14,FALSE,FALSE,FALSE,,TRUE,Large birthmark,FALSE,,FALSE,FALSE,FALSE,,TRUE,TRUE,TRUE,Near servers,TRUE,Electrical sparking,,,
Svetlana Sato,14,FALSE,FALSE,TRUE,Fire extinguisher,TRUE,Colored streak in hair,TRUE,Tangled in cables,FALSE,TRUE,FALSE,,FALSE,FALSE,FALSE,,FALSE,,,,
Carlos Pavlov,15,FALSE,TRUE,FALSE,,FALSE,,TRUE,Hanging from ceiling,TRUE,FALSE,FALSE,,TRUE,FALSE,FALSE,,FALSE,,,,
David Sokolov,15,FALSE,FALSE,FALSE,,TRUE,Tattoo on forearm,TRUE,Curled in corner,FALSE,TRUE,TRUE,Cousin of Prof. Andre Lopez,TRUE,FALSE,TRUE,In storage area,FALSE,,,,
Dr. Marcus Tanaka,15,TRUE,TRUE,FALSE,,TRUE,Wedding ring on right hand,FALSE,,FALSE,TRUE,TRUE,Former colleague of Thomas Wilson,TRUE,FALSE,FALSE,,TRUE,Gas leak,,,
John Jackson,15,FALSE,TRUE,FALSE,,TRUE,Nose piercing,FALSE,,TRUE,TRUE,TRUE,Student of Dr. Chen Smith,TRUE,TRUE,TRUE,By equipment lockers,TRUE,Damaged equipment,,,
Leila Larsen,15,FALSE,TRUE,FALSE,,FALSE,,FALSE,,FALSE,FALSE,TRUE,Cousin of Alice Wilson,TRUE,TRUE,TRUE,In observatory,TRUE,Structural collapse,,,
Nikolai Kozlov,15,FALSE,TRUE,TRUE,Flare gun,FALSE,,TRUE,Kneeling position,FALSE,TRUE,FALSE,,TRUE,TRUE,TRUE,In East Wing,FALSE,,,,
Sophie Lee,15,FALSE,FALSE,FALSE,,TRUE,Military dog tags,FALSE,,FALSE,FALSE,FALSE,,TRUE,FALSE,FALSE,,FALSE,,,,
Dr. Amara Pavlov,16,FALSE,FALSE,TRUE,Crowbar,TRUE,Colored streak in hair,TRUE,Sprawled on ground,FALSE,TRUE,TRUE,Former colleague of Hana Thomas,FALSE,TRUE,TRUE,By the emergency exit,FALSE,,,,
Dr. Zoe Ivanov,16,TRUE,TRUE,TRUE,Flare gun,TRUE,Distinctive watch,FALSE,,TRUE,TRUE,TRUE,Childhood friend of Maria Ahmed,FALSE,FALSE,TRUE,Near fuel storage,TRUE,Blood spatter,,,
Erik Jensen,16,FALSE,TRUE,TRUE,Journal,FALSE,,FALSE,,FALSE,FALSE,TRUE,Rival of Dr. Zoe Ivanov,FALSE,TRUE,TRUE,In recreation room,FALSE,,,,
Henrik Singh,16,FALSE,TRUE,FALSE,,FALSE,,TRUE,Face-down on floor,FALSE,FALSE,FALSE,,TRUE,FALSE,TRUE,In sleeping quarters,TRUE,Damaged equipment,,,
Henrik Taylor,16,FALSE,TRUE,FALSE,,TRUE,Large birthmark,TRUE,Seated in chair,FALSE,FALSE,FALSE,,TRUE,FALSE,TRUE,In generator room,FALSE,,,,
Ingrid Novak,16,FALSE,TRUE,TRUE,Clipboard,FALSE,,FALSE,,TRUE,FALSE,FALSE,,TRUE,FALSE,FALSE,,TRUE,Power outage,,,
Leila Larsen,16,TRUE,TRUE,FALSE,,TRUE,Distinctive watch,FALSE,,TRUE,TRUE,TRUE,Spouse of Sophie Khan,FALSE,TRUE,TRUE,Near airlock,FALSE,,,,
Oliver Nielsen,16,FALSE,TRUE,FALSE,,FALSE,,TRUE,Slumped against wall,FALSE,TRUE,TRUE,Brother of Prof. Ivan Popov,TRUE,FALSE,TRUE,In hallway B,FALSE,,,,
Prof. Diego Yamamoto,16,FALSE,FALSE,FALSE,,FALSE,,FALSE,,FALSE,FALSE,TRUE,Cousin of Amara Rodriguez,TRUE,FALSE,FALSE,,TRUE,Structural collapse,,,
Diego Ito,17,FALSE,TRUE,FALSE,,FALSE,,TRUE,Tangled in cables,FALSE,FALSE,TRUE,Brother of Maria Ahmed,TRUE,FALSE,FALSE,,TRUE,Sub-zero temperatures,,,
Dr. Lucia Petrov,17,FALSE,TRUE,TRUE,Camera,FALSE,,TRUE,Sprawled on ground,FALSE,TRUE,TRUE,Former colleague of Rebecca Rodriguez,FALSE,FALSE,FALSE,,TRUE,Sub-zero temperatures,,,
Henrik Taylor,17,FALSE,FALSE,FALSE,,FALSE,,FALSE,,TRUE,FALSE,FALSE,,FALSE,FALSE,TRUE,By main entrance,FALSE,,,,
John Harris,17,FALSE,TRUE,TRUE,Medical kit,TRUE,Facial burn marks,FALSE,,TRUE,FALSE,FALSE,,FALSE,FALSE,FALSE,,TRUE,Alarms blaring,,,
John Jackson,17,TRUE,TRUE,FALSE,,FALSE,,FALSE,,FALSE,FALSE,FALSE,,TRUE,TRUE,TRUE,Near fuel storage,TRUE,Explosion damage visible,,,
Nora Ali,17,TRUE,TRUE,FALSE,,TRUE,Tattoo on forearm,TRUE,Tangled in cables,TRUE,FALSE,FALSE,,TRUE,FALSE,TRUE,Near airlock,FALSE,,,,
Nora Patel,17,FALSE,FALSE,FALSE,,FALSE,,FALSE,,FALSE,FALSE,FALSE,,FALSE,FALSE,FALSE,,FALSE,,,,
Diego Ito,18,FALSE,TRUE,TRUE,Toolbox,TRUE,Gold tooth,TRUE,Curled in corner,FALSE,FALSE,FALSE,,TRUE,FALSE,TRUE,At communications hub,FALSE,,,,
Dr. Amara Pavlov,18,TRUE,FALSE,TRUE,Crowbar,FALSE,,TRUE,Propped against equipment,FALSE,FALSE,FALSE,,TRUE,TRUE,TRUE,In observatory,FALSE,,,,
Emma Garcia,18,FALSE,FALSE,TRUE,Flare gun,FALSE,,FALSE,,FALSE,FALSE,FALSE,,TRUE,FALSE,FALSE,,FALSE,,,,
Henrik Khan,18,FALSE,FALSE,TRUE,Flare gun,FALSE,,FALSE,,FALSE,FALSE,TRUE,Friend of Prof. Andre Lopez,FALSE,TRUE,TRUE,In kitchen,FALSE,,,,
Magnus Davis,18,FALSE,FALSE,FALSE,,FALSE,,TRUE,Face-down on floor,TRUE,TRUE,FALSE,,TRUE,TRUE,FALSE,,FALSE,,,,
Prof. Aisha Tanaka,18,FALSE,TRUE,TRUE,Kitchen knife,FALSE,,FALSE,,FALSE,TRUE,FALSE,,FALSE,FALSE,TRUE,In recreation room,TRUE,Alarms blaring,,,
Prof. Magnus Wilson,18,FALSE,TRUE,FALSE,,TRUE,Missing finger,FALSE,,FALSE,FALSE,FALSE,,TRUE,FALSE,TRUE,Near airlock,FALSE,,,,
Prof. Yuki Suzuki,18,TRUE,TRUE,FALSE,,TRUE,Prosthetic limb,TRUE,Kneeling position,FALSE,TRUE,FALSE,,FALSE,TRUE,TRUE,By equipment lockers,FALSE,,,,
Carlos Tanaka,19,FALSE,FALSE,FALSE,,TRUE,Nose piercing,FALSE,,FALSE,TRUE,FALSE,,TRUE,FALSE,FALSE,,FALSE,,,,
Dr. Chen Smith,19,FALSE,TRUE,TRUE,Walkie-talkie,FALSE,,FALSE,,FALSE,FALSE,TRUE,Spouse of Alice Wilson,TRUE,FALSE,FALSE,,TRUE,Damaged equipment,,,
Felipe Volkov,19,FALSE,TRUE,TRUE,Walkie-talkie,TRUE,Colored streak in hair,TRUE,Leaning over desk,FALSE,FALSE,TRUE,Mentor to Sophie Khan,FALSE,FALSE,FALSE,,FALSE,,,,
Hana Thomas,19,FALSE,FALSE,FALSE,,FALSE,,FALSE,,FALSE,TRUE,FALSE,,TRUE,FALSE,FALSE,,TRUE,Fire suppression active,,,
Ingrid Sato,19,FALSE,TRUE,FALSE,,FALSE,,FALSE,,FALSE,FALSE,TRUE,Ex-partner of Elena Kim,FALSE,TRUE,TRUE,In sleeping quarters,FALSE,,,,
Magnus Davis,19,FALSE,FALSE,FALSE,,FALSE,,FALSE,,FALSE,FALSE,TRUE,Cousin of Prof. Amara Wilson,FALSE,FALSE,TRUE,In recreation room,TRUE,Alarms blaring,,,
Prof. Aisha Tanaka,19,FALSE,TRUE,FALSE,,FALSE,,TRUE,Kneeling position,FALSE,TRUE,TRUE,Works closely with Rebecca Rodriguez,TRUE,FALSE,TRUE,At communications hub,FALSE,,,,
Prof. Anton Garcia,19,TRUE,FALSE,FALSE,,FALSE,,TRUE,Leaning over desk,TRUE,FALSE,FALSE,,FALSE,FALSE,TRUE,Near airlock,FALSE,,,,
Carlos Tanaka,20,FALSE,TRUE,FALSE,,FALSE,,FALSE,,FALSE,TRUE,FALSE,,FALSE,FALSE,TRUE,In kitchen,FALSE,,,,
Diego Ito,20,TRUE,FALSE,FALSE,,FALSE,,FALSE,,TRUE,FALSE,FALSE,,TRUE,FALSE,FALSE,,TRUE,Structural collapse,,,
Nora Patel,20,FALSE,FALSE,FALSE,,TRUE,Missing finger,FALSE,,TRUE,FALSE,FALSE,,FALSE,FALSE,TRUE,In recreation room,TRUE,Explosion damage visible,,,
Dr. Lucia Petrov,21,FALSE,FALSE,FALSE,,FALSE,,FALSE,,FALSE,TRUE,TRUE,Former colleague of Carlos Tanaka,FALSE,TRUE,TRUE,Near fuel storage,FALSE,,,,
Erik Khan,21,FALSE,TRUE,FALSE,,FALSE,,TRUE,Sprawled on ground,TRUE,TRUE,FALSE,,TRUE,FALSE,TRUE,Near airlock,TRUE,Power outage,,,
Ingrid Novak,21,FALSE,FALSE,FALSE,,TRUE,Distinctive watch,FALSE,,TRUE,TRUE,TRUE,Works closely with David Sokolov,TRUE,FALSE,FALSE,,TRUE,Smoke-filled room,,,
Lucia Harris,21,FALSE,TRUE,TRUE,Toolbox,FALSE,,TRUE,Lying on back,TRUE,TRUE,TRUE,Student of Dr. Lucia Petrov,TRUE,TRUE,FALSE,,FALSE,,,,
Rebecca Rodriguez,21,TRUE,FALSE,FALSE,,FALSE,,FALSE,,TRUE,FALSE,FALSE,,TRUE,TRUE,TRUE,In hallway B,TRUE,Electrical sparking,,,
Emma Garcia,22,FALSE,TRUE,FALSE,,FALSE,,TRUE,Hanging from ceiling,FALSE,TRUE,TRUE,Student of Sophie Khan,FALSE,TRUE,TRUE,By main entrance,FALSE,,,,
Erik Kim,22,FALSE,TRUE,FALSE,,FALSE,,TRUE,Propped against equipment,FALSE,FALSE,FALSE,,TRUE,FALSE,TRUE,By equipment lockers,TRUE,Power outage,,,
Nikolai Kozlov,22,FALSE,TRUE,TRUE,Toolbox,FALSE,,TRUE,Face-down on floor,FALSE,TRUE,FALSE,,FALSE,FALSE,TRUE,In observatory,TRUE,Blizzard conditions,,,
Prof. Magnus Wilson,22,TRUE,TRUE,TRUE,Laptop,FALSE,,TRUE,Collapsed in doorway,FALSE,FALSE,FALSE,,TRUE,FALSE,TRUE,By equipment lockers,TRUE,Broken windows,,,
Carlos Tanaka,23,FALSE,TRUE,FALSE,,TRUE,Broken glasses,FALSE,,FALSE,FALSE,FALSE,,FALSE,TRUE,FALSE,,FALSE,,,,
Henrik Taylor,23,TRUE,TRUE,TRUE,Camera,TRUE,Nose piercing,TRUE,Seated in chair,FALSE,FALSE,FALSE,,FALSE,TRUE,TRUE,At communications hub,TRUE,Blood spatter,,,
Ivan Sato,23,FALSE,TRUE,FALSE,,FALSE,,FALSE,,FALSE,FALSE,FALSE,,FALSE,FALSE,FALSE,,TRUE,Emergency lights only,,,
Prof. Aisha Tanaka,23,FALSE,FALSE,FALSE,,FALSE,,FALSE,,TRUE,TRUE,FALSE,,FALSE,TRUE,TRUE,In laboratory,FALSE,,,,
Dr. Lucia Petrov,24,FALSE,FALSE,FALSE,,FALSE,,FALSE,,FALSE,FALSE,TRUE,Spouse of Natasha Miller,TRUE,FALSE,TRUE,In generator room,TRUE,Water flooding,,,
Elena Kim,24,FALSE,TRUE,FALSE,,FALSE,,FALSE,,FALSE,TRUE,FALSE,,FALSE,FALSE,FALSE,,TRUE,Sub-zero temperatures,,,
Felipe Suzuki,24,TRUE,TRUE,TRUE,Flare gun,TRUE,Distinctive watch,FALSE,,FALSE,TRUE,FALSE,,TRUE,TRUE,FALSE,,TRUE,Blood spatter,,,
Ingrid Novak,24,FALSE,TRUE,FALSE,,TRUE,Gold tooth,FALSE,,FALSE,TRUE,FALSE,,TRUE,TRUE,TRUE,In laboratory,FALSE,,,,
John Harris,24,FALSE,FALSE,FALSE,,TRUE,Missing finger,TRUE,Tangled in cables,FALSE,FALSE,FALSE,,FALSE,FALSE,FALSE,,FALSE,,,,
Maria Ahmed,24,FALSE,TRUE,TRUE,Wrench,FALSE,,TRUE,Curled in corner,FALSE,FALSE,FALSE,,TRUE,TRUE,FALSE,,FALSE,,,,
Prof. Aisha Tanaka,24,FALSE,TRUE,FALSE,,FALSE,,TRUE,Hanging from ceiling,FALSE,FALSE,FALSE,,FALSE,TRUE,FALSE,,TRUE,Alarms blaring,,,
Dr. Chen Smith,25,TRUE,TRUE,FALSE,,FALSE,,FALSE,,TRUE,FALSE,FALSE,,TRUE,FALSE,FALSE,,FALSE,,,,
Henrik Khan,25,FALSE,TRUE,TRUE,Crowbar,FALSE,,TRUE,Hanging from ceiling,FALSE,FALSE,FALSE,,FALSE,FALSE,FALSE,,FALSE,,,,
Ivan Sato,25,FALSE,TRUE,TRUE,Fire extinguisher,TRUE,Wedding ring on right hand,FALSE,,FALSE,TRUE,FALSE,,TRUE,FALSE,FALSE,,TRUE,Blood spatter,,,
John Harris,25,FALSE,TRUE,FALSE,,FALSE,,FALSE,,TRUE,FALSE,FALSE,,FALSE,FALSE,TRUE,In hallway B,FALSE,,,,
Carlos Pavlov,26,FALSE,FALSE,FALSE,,FALSE,,FALSE,,FALSE,FALSE,FALSE,,TRUE,FALSE,FALSE,,TRUE,Damaged equipment,,,
Emma Garcia,26,TRUE,TRUE,TRUE,Wrench,TRUE,Neck tattoo,FALSE,,TRUE,FALSE,TRUE,Cousin of Lucia Harris,FALSE,TRUE,FALSE,,TRUE,Electrical sparking,,,
Ingrid Novak,26,TRUE,TRUE,FALSE,,TRUE,Facial burn marks,FALSE,,TRUE,FALSE,FALSE,,TRUE,TRUE,FALSE,,FALSE,,,,
Nikolai Kozlov,26,FALSE,TRUE,FALSE,,FALSE,,FALSE,,FALSE,TRUE,FALSE,,TRUE,TRUE,FALSE,,TRUE,Broken windows,,,
Nora Patel,26,FALSE,TRUE,FALSE,,FALSE,,TRUE,Sprawled on ground,FALSE,TRUE,TRUE,Student of Kira Ahmed,TRUE,TRUE,FALSE,,TRUE,Smoke-filled room,,,
Carlos Pavlov,27,FALSE,TRUE,FALSE,,TRUE,Tattoo on forearm,FALSE,,TRUE,FALSE,FALSE,,FALSE,TRUE,FALSE,,TRUE,Alarms blaring,,,
Lucia Harris,27,FALSE,TRUE,TRUE,Journal,FALSE,,TRUE,Tangled in cables,FALSE,TRUE,FALSE,,TRUE,FALSE,TRUE,In laboratory,TRUE,Fire suppression active,,,
Nikolai Kozlov,27,TRUE,TRUE,FALSE,,TRUE,Broken glasses,TRUE,Lying on back,FALSE,FALSE,FALSE,,FALSE,FALSE,FALSE,,TRUE,Fire suppression active,,,
Prof. Amara Wilson,27,FALSE,TRUE,FALSE,,TRUE,Wedding ring on right hand,FALSE,,TRUE,TRUE,FALSE,,TRUE,TRUE,TRUE,In East Wing,FALSE,,,,
Alice Wilson,28,FALSE,TRUE,FALSE,,FALSE,,TRUE,Leaning over desk,FALSE,FALSE,FALSE,,FALSE,FALSE,FALSE,,TRUE,Smoke-filled room,,,
Carlos Pavlov,28,TRUE,FALSE,FALSE,,FALSE,,TRUE,Leaning over desk,TRUE,FALSE,FALSE,,TRUE,FALSE,TRUE,Near airlock,FALSE,,,,
Carlos Tanaka,28,TRUE,TRUE,FALSE,,FALSE,,FALSE,,TRUE,TRUE,TRUE,Brother of Carlos Pavlov,TRUE,TRUE,TRUE,In East Wing,TRUE,Alarms blaring,,,
John Harris,28,FALSE,FALSE,FALSE,,FALSE,,FALSE,,FALSE,FALSE,FALSE,,FALSE,TRUE,FALSE,,FALSE,,,,
Lucia Harris,28,FALSE,TRUE,FALSE,,TRUE,Gold tooth,TRUE,Slumped against wall,FALSE,TRUE,FALSE,,FALSE,TRUE,TRUE,Near fuel storage,TRUE,Smoke-filled room,,,
Prof. Aisha Tanaka,28,FALSE,TRUE,FALSE,,FALSE,,TRUE,Face-down on floor,FALSE,FALSE,FALSE,,TRUE,FALSE,TRUE,In generator room,TRUE,Storm damage,,,
Alice Wilson,29,FALSE,FALSE,FALSE,,FALSE,,TRUE,Hanging from ceiling,FALSE,FALSE,FALSE,,FALSE,FALSE,TRUE,By main entrance,TRUE,Blizzard conditions,,,
Erik Kim,29,TRUE,TRUE,FALSE,,FALSE,,FALSE,,FALSE,FALSE,FALSE,,FALSE,TRUE,FALSE,,FALSE,,,,
Alice Wilson,30,FALSE,FALSE,FALSE,,FALSE,,TRUE,Kneeling position,TRUE,FALSE,TRUE,Former colleague of Erik Khan,TRUE,FALSE,TRUE,Near fuel storage,FALSE,,,,
Ivan Sato,30,TRUE,TRUE,TRUE,Syringe,FALSE,,TRUE,Lying on back,FALSE,FALSE,FALSE,,FALSE,TRUE,FALSE,,FALSE,,,,
Svetlana Sato,30,FALSE,TRUE,FALSE,,FALSE,,FALSE,,FALSE,TRUE,FALSE,,FALSE,TRUE,TRUE,In laboratory,FALSE,,,,
Nora Patel,31,TRUE,FALSE,FALSE,,FALSE,,FALSE,,FALSE,FALSE,FALSE,,FALSE,FALSE,FALSE,,TRUE,Storm damage,,,
Prof. Aisha Tanaka,31,FALSE,TRUE,TRUE,Ice pick,FALSE,,FALSE,,FALSE,TRUE,FALSE,,FALSE,FALSE,FALSE,,FALSE,,,,
Dr. Lucia Petrov,32,TRUE,FALSE,FALSE,,FALSE,,FALSE,,FALSE,TRUE,TRUE,Sister of Ivan Sato,TRUE,TRUE,FALSE,,FALSE,,,,
Erik Khan,32,FALSE,TRUE,TRUE,Crowbar,FALSE,,TRUE,Propped against equipment,FALSE,FALSE,FALSE,,TRUE,FALSE,TRUE,In East Wing,TRUE,Water flooding,,,
Felipe Volkov,32,TRUE,FALSE,TRUE,Journal,FALSE,,TRUE,Kneeling position,FALSE,FALSE,FALSE,,FALSE,TRUE,FALSE,,TRUE,Alarms blaring,,,
Henrik Singh,32,FALSE,FALSE,FALSE,,TRUE,Distinctive watch,TRUE,Face-down on floor,FALSE,TRUE,FALSE,,FALSE,TRUE,FALSE,,TRUE,Electrical sparking,,,
Prof. Aisha Tanaka,32,TRUE,TRUE,FALSE,,FALSE,,FALSE,,TRUE,FALSE,FALSE,,TRUE,FALSE,TRUE,At communications hub,TRUE,Structural collapse,,,
Erik Jensen,33,FALSE,FALSE,FALSE,,FALSE,,TRUE,Face-down on floor,FALSE,FALSE,FALSE,,TRUE,FALSE,FALSE,,TRUE,Power outage,,,
John Harris,33,FALSE,TRUE,TRUE,Medical kit,FALSE,,TRUE,Curled in corner,FALSE,FALSE,TRUE,Spouse of Henrik Khan,FALSE,FALSE,TRUE,In laboratory,FALSE,,,,
Magnus Davis,33,TRUE,FALSE,FALSE,,TRUE,Wedding ring on right hand,TRUE,Hanging from ceiling,TRUE,TRUE,FALSE,,TRUE,FALSE,FALSE,,TRUE,Smoke-filled room,,,
Erik Khan,34,TRUE,TRUE,TRUE,Walkie-talkie,FALSE,,TRUE,Curled in corner,FALSE,TRUE,TRUE,Brother of Ivan Sato,TRUE,FALSE,TRUE,At communications hub,TRUE,Alarms blaring,,,
Lucia Harris,34,FALSE,TRUE,FALSE,,FALSE,,TRUE,Slumped against wall,TRUE,TRUE,FALSE,,TRUE,TRUE,TRUE,Near airlock,TRUE,Explosion damage visible,,,
Svetlana Sato,34,FALSE,TRUE,FALSE,,TRUE,Colored streak in hair,TRUE,Face-down on floor,TRUE,TRUE,FALSE,,TRUE,FALSE,TRUE,By the emergency exit,TRUE,Blood spatter,,,
Lucia Harris,35,TRUE,TRUE,TRUE,Crowbar,FALSE,,TRUE,Curled in corner,FALSE,TRUE,FALSE,,TRUE,FALSE,TRUE,By main entrance,TRUE,Blood spatter,,,
Maria Ahmed,36,FALSE,TRUE,FALSE,,FALSE,,FALSE,,FALSE,FALSE,TRUE,Mentor to Prof. Yuki Suzuki,FALSE,TRUE,FALSE,,TRUE,Damaged equipment,,,
Prof. Alice Berg,36,TRUE,TRUE,FALSE,,FALSE,,TRUE,Sprawled on ground,FALSE,FALSE,TRUE,Sister of Dr. Elena Novak,FALSE,FALSE,TRUE,By equipment lockers,FALSE,,,,
Sophie Lee,36,FALSE,FALSE,FALSE,,TRUE,Nose piercing,FALSE,,TRUE,FALSE,TRUE,Friend of Prof. Magnus Wilson,TRUE,FALSE,FALSE,,TRUE,Gas leak,,,
Henrik Khan,37,TRUE,FALSE,TRUE,Coffee mug,FALSE,,TRUE,Sprawled on ground,FALSE,FALSE,TRUE,Mentor to Prof. Emma Davis,FALSE,TRUE,TRUE,In sleeping quarters,FALSE,,,,
John Harris,37,FALSE,TRUE,FALSE,,FALSE,,FALSE,,FALSE,FALSE,TRUE,Spouse of Prof. Amara Wilson,FALSE,FALSE,FALSE,,TRUE,Fire suppression active,,,
Oliver Nielsen,37,FALSE,TRUE,TRUE,Coffee mug,FALSE,,TRUE,Collapsed in doorway,FALSE,FALSE,FALSE,,FALSE,FALSE,TRUE,At communications hub,TRUE,Power outage,,,
Prof. Amara Wilson,37,FALSE,FALSE,TRUE,Crowbar,TRUE,Large birthmark,FALSE,,FALSE,FALSE,TRUE,Friend of Nora Patel,FALSE,TRUE,FALSE,,TRUE,Broken windows,,,
Svetlana Sato,37,FALSE,TRUE,FALSE,,TRUE,Distinctive watch,FALSE,,TRUE,TRUE,TRUE,Rival of Prof. Alice Berg,FALSE,FALSE,FALSE,,TRUE,Structural collapse,,,
David Sokolov,38,FALSE,TRUE,TRUE,Coffee mug,FALSE,,TRUE,Curled in corner,TRUE,FALSE,FALSE,,FALSE,FALSE,TRUE,By the emergency exit,FALSE,,,,
Henrik Singh,38,FALSE,TRUE,FALSE,,FALSE,,FALSE,,FALSE,FALSE,FALSE,,FALSE,TRUE,FALSE,,TRUE,Electrical sparking,,,
Sophie Lee,38,TRUE,TRUE,TRUE,Radio equipment,FALSE,,FALSE,,FALSE,FALSE,TRUE,Sister of Erik Jensen,FALSE,TRUE,TRUE,By main entrance,TRUE,Electrical sparking,,,
Ingrid Sato,39,TRUE,TRUE,FALSE,,TRUE,Military dog tags,FALSE,,FALSE,FALSE,TRUE,Spouse of Prof. Aisha Tanaka,TRUE,TRUE,TRUE,By equipment lockers,FALSE,,,,
Oliver Nielsen,39,FALSE,FALSE,FALSE,,FALSE,,TRUE,Tangled in cables,FALSE,FALSE,TRUE,Spouse of Erik Khan,TRUE,FALSE,TRUE,By equipment lockers,TRUE,Electrical sparking,,,
Prof. Diego Yamamoto,39,FALSE,FALSE,FALSE,,FALSE,,FALSE,,TRUE,FALSE,FALSE,,FALSE,FALSE,TRUE,In observatory,TRUE,Explosion damage visible,,,
David Sokolov,40,FALSE,FALSE,TRUE,Medical kit,FALSE,,TRUE,Sprawled on ground,FALSE,FALSE,FALSE,,TRUE,TRUE,TRUE,In recreation room,FALSE,,,,
Oliver Nielsen,40,FALSE,FALSE,TRUE,Hammer,FALSE,,FALSE,,FALSE,FALSE,FALSE,,FALSE,FALSE,TRUE,In East Wing,TRUE,Sub-zero temperatures,,,
Svetlana Sato,40,TRUE,FALSE,FALSE,,TRUE,Wedding ring on right hand,FALSE,,TRUE,FALSE,FALSE,,FALSE,FALSE,FALSE,,FALSE,,,,
Oliver Nielsen,41,TRUE,FALSE,TRUE,Radio equipment,FALSE,,FALSE,,FALSE,FALSE,TRUE,Cousin of Sophie Lee,TRUE,FALSE,FALSE,,TRUE,Broken windows,,,
David Sokolov,42,TRUE,TRUE,FALSE,,FALSE,,FALSE,,FALSE,TRUE,FALSE,,FALSE,FALSE,TRUE,In East Wing,TRUE,Storm damage,,,
John Harris,42,FALSE,FALSE,TRUE,Rope,FALSE,,TRUE,Tangled in cables,FALSE,TRUE,FALSE,,FALSE,FALSE,TRUE,Near airlock,TRUE,Broken windows,,,
Maria Ahmed,42,TRUE,TRUE,FALSE,,TRUE,Distinctive watch,TRUE,Face-down on floor,FALSE,FALSE,TRUE,Sister of Diego Ito,TRUE,FALSE,FALSE,,TRUE,Smoke-filled room,,,
Alice Wilson,43,FALSE,TRUE,TRUE,Toolbox,FALSE,,FALSE,,FALSE,TRUE,TRUE,Friend of Carlos Pavlov,FALSE,FALSE,TRUE,Near fuel storage,FALSE,,,,
Hana Thomas,43,TRUE,FALSE,TRUE,Radio equipment,FALSE,,FALSE,,FALSE,FALSE,TRUE,Ex-partner of Dr. Elena Novak,TRUE,TRUE,TRUE,At communications hub,FALSE,,,,
Alice Wilson,44,FALSE,TRUE,FALSE,,FALSE,,TRUE,Hanging from ceiling,FALSE,FALSE,FALSE,,TRUE,TRUE,TRUE,In observatory,TRUE,Smoke-filled room,,,
John Harris,44,TRUE,TRUE,FALSE,,FALSE,,TRUE,Lying on back,FALSE,FALSE,FALSE,,TRUE,FALSE,TRUE,In kitchen,TRUE,Broken windows,,,
Erik Jensen,45,TRUE,FALSE,TRUE,Flashlight,TRUE,Broken glasses,TRUE,Collapsed in doorway,TRUE,FALSE,TRUE,Rival of Henrik Taylor,TRUE,TRUE,FALSE,,TRUE,Explosion damage visible,,,
Prof. Diego Yamamoto,45,FALSE,TRUE,TRUE,Camera,TRUE,Wedding ring on right hand,TRUE,Propped against equipment,TRUE,TRUE,TRUE,Brother of Dr. Marcus Tanaka,TRUE,TRUE,TRUE,In kitchen,TRUE,Blood spatter,,,
Prof. Diego Yamamoto,46,TRUE,FALSE,TRUE,Wrench,TRUE,Distinctive watch,FALSE,,FALSE,FALSE,TRUE,Friend of Dr. Amara Pavlov,TRUE,TRUE,FALSE,,TRUE,Gas leak,,,
Alice Wilson,47,TRUE,TRUE,TRUE,Coffee mug,FALSE,,FALSE,,FALSE,FALSE,FALSE,,TRUE,FALSE,TRUE,In East Wing,FALSE,,,,
Elena Kim,48,TRUE,FALSE,TRUE,Fire extinguisher,TRUE,Missing finger,TRUE,Hanging from ceiling,FALSE,FALSE,FALSE,,FALSE,FALSE,FALSE,,TRUE,Alarms blaring,,,
Henrik Singh,49,TRUE,TRUE,TRUE,Toolbox,TRUE,Distinctive watch,TRUE,Lying on back,FALSE,TRUE,TRUE,Spouse of Erik Jensen,FALSE,TRUE,FALSE,,FALSE,,,,
Prof. Amara Wilson,50,TRUE,FALSE,FALSE,,FALSE,,FALSE,,FALSE,TRUE,TRUE,Childhood friend of Lucia Harris,FALSE,FALSE,FALSE,,TRUE,Sub-zero temperatures,,,
